Number,Hora,Total,Es_Bessons,Lubi,Son_Rues,Valldurgent,Son_Orlandis,Murterar_Power,GESA,Santa_Ponsa,Cas_Tresoare,Cala_Bosc,Ciutadella,Mahon,Dragonera,Es_Merceds,Elvissa
1,0:00:00,528,34.94438555,12.28121267,37.64681025,122.2504292,4.096643389,24.97970296,11.25777828,9.390489982,144.3551009,1.379519227,22.91429935,7.444329424,6.204693087,6.622096447,82.23250928
2,0:10:00,519,34.34874261,12.07187382,37.00510326,120.166615,4.026814241,24.55391257,11.06588433,9.230424812,141.8945026,1.356004695,22.5237147,7.317437445,6.098931273,6.509219803,80.83081878
3,0:20:00,511,33.81928222,11.88579484,36.43469704,118.3143358,3.964743886,24.17543222,10.89531193,9.088144661,139.7073041,1.335102888,22.17652835,7.204644575,6.004920772,6.408885008,79.58487167
4,0:30:00,503,33.28982184,11.69971586,35.86429083,116.4620566,3.902673532,23.79695187,10.72473954,8.94586451,137.5201056,1.314201082,21.829342,7.091851705,5.91091027,6.308550214,78.33892456
5,0:40:00,496,32.826544,11.53689675,35.36518539,114.8413122,3.848361972,23.46578157,10.57548869,8.821369377,135.6063069,1.295912001,21.52555394,6.993157943,5.828651082,6.220757268,77.24872084
6,0:50:00,488,32.29708361,11.35081777,34.79477917,112.989033,3.786291617,23.08730122,10.40491629,8.679089226,133.4191084,1.275010195,21.17836758,6.880365073,5.73464058,6.120422474,76.00277373
7,1:00:00,481,31.83380577,11.18799866,34.29567373,111.3682887,3.731980057,22.75613092,10.25566544,8.554594094,131.5053098,1.256721114,20.87457952,6.781671312,5.652381392,6.032629528,74.91257001
8,1:10:00,475,31.43671048,11.04843943,33.86786907,109.9790793,3.685427292,22.47227065,10.12773614,8.44788398,129.8649109,1.241044759,20.61418976,6.69707666,5.581873516,5.957378432,73.97810967
9,1:20:00,468,30.97343264,10.88562032,33.36876363,108.3583349,3.631115731,22.14110035,9.978485294,8.323388848,127.9511122,1.222755679,20.3104017,6.598382898,5.499614327,5.869585487,72.88790595
10,1:30:00,463,30.6425199,10.76932096,33.01225975,107.2006604,3.59232176,21.90455013,9.871877545,8.234463753,126.5841131,1.20969205,20.09341023,6.527887355,5.440857764,5.80687624,72.10918901
11,1:40:00,456,30.17924206,10.60650185,32.51315431,105.5799161,3.5380102,21.57337983,9.722626696,8.109968621,124.6703144,1.191402969,19.78962217,6.429193593,5.358598575,5.719083295,71.01898529
12,1:50:00,451,29.84832932,10.49020249,32.15665042,104.4222416,3.499216228,21.33682961,9.616018947,8.021043527,123.3033154,1.17833934,19.5726307,6.358698049,5.299842012,5.656374048,70.24026834
13,2:00:00,445,29.45123403,10.35064325,31.72884576,103.0330322,3.452663463,21.05296935,9.488089649,7.914333413,121.6629165,1.162662985,19.31224093,6.274103397,5.229334136,5.581122952,69.30580801
14,2:10:00,442,29.25268639,10.28086364,31.51494343,102.3384274,3.42938708,20.91103922,9.424124999,7.860978356,120.8427171,1.154824808,19.18204605,6.231806071,5.194080198,5.543497404,68.83857784
15,2:20:00,437,28.92177364,10.16456427,31.15843955,101.1807529,3.390593108,20.674489,9.317517251,7.772053262,119.475718,1.141761179,18.96505458,6.161310527,5.135323634,5.480788158,68.0598609
16,2:30:00,432,28.5908609,10.04826491,30.80193566,100.0230784,3.351799137,20.43793878,9.210909502,7.683128167,118.1087189,1.12869755,18.74806311,6.090814983,5.076567071,5.418078911,67.28114396
17,2:40:00,430,28.4584958,10.00174517,30.65933411,99.5600086,3.336281548,20.3433187,9.168266402,7.647558129,117.5619193,1.123472098,18.66126652,6.062616766,5.053064446,5.392995212,66.96965718
18,2:50:00,428,28.32613071,9.955225421,30.51673255,99.09693879,3.32076396,20.24869861,9.125623303,7.611988092,117.0151197,1.118246646,18.57446993,6.034418548,5.02956182,5.367911514,66.6581704
19,3:00:00,424,28.06140051,9.862185931,30.23152945,98.17079918,3.289728782,20.05945844,9.040337104,7.540848016,115.9215205,1.107795743,18.40087675,5.978022113,4.98255657,5.317744116,66.03519684
20,3:10:00,423,27.99521797,9.838926059,30.16022867,97.93926428,3.281969988,20.01214839,9.019015554,7.523062997,115.6481206,1.105183017,18.35747846,5.963923004,4.970805257,5.305202267,65.87945346
21,3:20:00,420,27.79667032,9.769146441,29.94632634,97.24465956,3.258693605,19.87021826,8.955050904,7.46970794,114.8279212,1.09734484,18.22728358,5.921625678,4.935551319,5.267576719,65.41222329
22,3:30:00,417,27.59812268,9.699366824,29.73242401,96.55005485,3.235417222,19.72828813,8.891086255,7.416352884,114.0077218,1.089506662,18.09708869,5.879328352,4.900297381,5.229951171,64.94499312
23,3:40:00,415,27.46575758,9.652847079,29.58982245,96.08698505,3.219899634,19.63366805,8.848443156,7.380782846,113.4609221,1.084281211,18.0102921,5.851130134,4.876794756,5.204867472,64.63350635
24,3:50:00,412,27.26720993,9.583067461,29.37592012,95.39238034,3.196623251,19.49173792,8.784478506,7.327427789,112.6407227,1.076443033,17.88009722,5.808832808,4.841540818,5.167241924,64.16627618
25,4:00:00,411,27.20102739,9.559807589,29.30461934,95.16084543,3.188864456,19.44442787,8.763156957,7.30964277,112.3673229,1.073830308,17.83669893,5.794733699,4.829789505,5.154700075,64.01053279
26,4:10:00,412,27.26720993,9.583067461,29.37592012,95.39238034,3.196623251,19.49173792,8.784478506,7.327427789,112.6407227,1.076443033,17.88009722,5.808832808,4.841540818,5.167241924,64.16627618
27,4:20:00,409,27.06866229,9.513287844,29.16201779,94.69777562,3.173346868,19.34980778,8.720513857,7.274072732,111.8205233,1.068604856,17.74990234,5.766535482,4.80628688,5.129616376,63.69904601
28,4:30:00,407,26.93629719,9.466768099,29.01941624,94.23470582,3.157829279,19.2551877,8.677870757,7.238502695,111.2737236,1.063379404,17.66310575,5.738337264,4.782784254,5.104532678,63.38755924
29,4:40:00,405,26.8039321,9.420248354,28.87681468,93.77163601,3.142311691,19.16056761,8.635227658,7.202932657,110.726924,1.058153953,17.57630916,5.710139047,4.759281629,5.079448979,63.07607246
30,4:50:00,406,26.87011464,9.443508227,28.94811546,94.00317091,3.150070485,19.20787765,8.656549208,7.220717676,111.0003238,1.060766679,17.61970746,5.724238155,4.771032942,5.091990828,63.23181585
31,5:00:00,407,26.93629719,9.466768099,29.01941624,94.23470582,3.157829279,19.2551877,8.677870757,7.238502695,111.2737236,1.063379404,17.66310575,5.738337264,4.782784254,5.104532678,63.38755924
32,5:10:00,409,27.06866229,9.513287844,29.16201779,94.69777562,3.173346868,19.34980778,8.720513857,7.274072732,111.8205233,1.068604856,17.74990234,5.766535482,4.80628688,5.129616376,63.69904601
33,5:20:00,409,27.06866229,9.513287844,29.16201779,94.69777562,3.173346868,19.34980778,8.720513857,7.274072732,111.8205233,1.068604856,17.74990234,5.766535482,4.80628688,5.129616376,63.69904601
34,5:30:00,407,26.93629719,9.466768099,29.01941624,94.23470582,3.157829279,19.2551877,8.677870757,7.238502695,111.2737236,1.063379404,17.66310575,5.738337264,4.782784254,5.104532678,63.38755924
35,5:40:00,408,27.00247974,9.490027971,29.09071701,94.46624072,3.165588074,19.30249774,8.699192307,7.256287714,111.5471235,1.06599213,17.70650404,5.752436373,4.794535567,5.117074527,63.54330262
36,5:50:00,409,27.06866229,9.513287844,29.16201779,94.69777562,3.173346868,19.34980778,8.720513857,7.274072732,111.8205233,1.068604856,17.74990234,5.766535482,4.80628688,5.129616376,63.69904601
37,6:00:00,412,27.26720993,9.583067461,29.37592012,95.39238034,3.196623251,19.49173792,8.784478506,7.327427789,112.6407227,1.076443033,17.88009722,5.808832808,4.841540818,5.167241924,64.16627618
38,6:10:00,414,27.39957503,9.629587206,29.51852168,95.85545014,3.212140839,19.586358,8.827121606,7.362997827,113.1875223,1.081668485,17.96689381,5.837031025,4.865043443,5.192325623,64.47776296
39,6:20:00,413,27.33339248,9.606327334,29.4472209,95.62391524,3.204382045,19.53904796,8.805800056,7.345212808,112.9141225,1.079055759,17.92349552,5.822931917,4.85329213,5.179783774,64.32201957
40,6:30:00,407,26.93629719,9.466768099,29.01941624,94.23470582,3.157829279,19.2551877,8.677870757,7.238502695,111.2737236,1.063379404,17.66310575,5.738337264,4.782784254,5.104532678,63.38755924
41,6:40:00,408,27.00247974,9.490027971,29.09071701,94.46624072,3.165588074,19.30249774,8.699192307,7.256287714,111.5471235,1.06599213,17.70650404,5.752436373,4.794535567,5.117074527,63.54330262
42,6:50:00,410,27.13484484,9.536547716,29.23331857,94.92931053,3.181105662,19.39711783,8.741835407,7.291857751,112.0939231,1.071217582,17.79330063,5.78063459,4.818038192,5.142158226,63.8547894
43,7:00:00,420,27.79667032,9.769146441,29.94632634,97.24465956,3.258693605,19.87021826,8.955050904,7.46970794,114.8279212,1.09734484,18.22728358,5.921625678,4.935551319,5.267576719,65.41222329
44,7:10:00,431,28.52467835,10.02500504,30.73063488,99.79154351,3.344040342,20.39062874,9.189587952,7.665343148,117.8353191,1.126084824,18.70466481,6.076715874,5.064815758,5.405537062,67.12540057
45,7:20:00,434,28.723226,10.09478466,30.94453722,100.4861482,3.367316725,20.53255887,9.253552601,7.718698205,118.6555186,1.133923001,18.83485969,6.119013201,5.100069696,5.44316261,67.59263073
46,7:30:00,444,29.38505148,10.32738338,31.65754499,102.8014973,3.444904668,21.00565931,9.466768099,7.896548394,121.3895167,1.160050259,19.26884264,6.260004288,5.217582823,5.568581103,69.15006462
47,7:40:00,450,29.78214677,10.46694262,32.08534965,104.1907067,3.491457434,21.28951957,9.594697398,8.003258508,123.0299156,1.175726614,19.5292324,6.344598941,5.288090699,5.643832199,70.08452495
48,7:50:00,460,30.44397226,10.69954134,32.79835742,106.5060557,3.569045377,21.76262,9.807912895,8.181108697,125.7639137,1.201853872,19.96321534,6.485590028,5.405603826,5.769250692,71.64195884
49,8:00:00,472,31.23816284,10.97865981,33.65396674,109.2844746,3.662150909,22.33034052,10.06377149,8.394528924,129.0447114,1.233206582,20.48399488,6.654779333,5.546619578,5.919752884,73.51087951
50,8:10:00,487,32.23090106,11.3275579,34.7234784,112.7574981,3.778532823,23.03999118,10.38359474,8.661304207,133.1457086,1.272397469,21.13496929,6.866265965,5.722889268,6.107880624,75.84703034
51,8:20:00,498,32.95890909,11.58341649,35.50778694,115.3043821,3.86387956,23.56040165,10.61813179,8.856939415,136.1531066,1.301137453,21.61235052,7.021356161,5.852153707,6.245840967,77.56020762
52,8:30:00,508,33.62073458,11.81601522,36.22079471,117.6197311,3.941467503,24.03350209,10.83134728,9.034789604,138.8871047,1.327264711,22.04633347,7.162347249,5.969666834,6.37125946,79.1176415
53,8:40:00,517,34.21637751,12.02535407,36.86250171,119.7035452,4.011296652,24.45929248,11.02324123,9.194854774,141.347703,1.350779243,22.43691812,7.289239227,6.075428648,6.484136104,80.519332
54,8:50:00,526,34.81202045,12.23469292,37.5042087,121.7873594,4.081125801,24.88508287,11.21513518,9.354919944,143.8083013,1.374293776,22.82750276,7.416131206,6.181190462,6.597012748,81.9210225
55,9:00:00,541,35.80475868,12.58359101,38.57372035,125.2603829,4.197507715,25.59473352,11.53495843,9.621695228,147.9092985,1.413484663,23.47847718,7.627617838,6.357460152,6.785140488,84.25717333
56,9:10:00,554,36.6651318,12.88596935,39.50063046,128.2703367,4.298372041,26.20976409,11.81213857,9.852900474,151.4634961,1.447450098,24.042655,7.810906251,6.510227216,6.948184529,86.28183739
57,9:20:00,565,37.39313984,13.14182795,40.284939,130.8172206,4.383718778,26.73017457,12.04667562,10.04853568,154.470894,1.476190082,24.52003624,7.965996448,6.639491655,7.086144872,87.99501466
58,9:30:00,576,38.12114787,13.39768655,41.06924755,133.3641045,4.469065516,27.25058505,12.28121267,10.24417089,157.4782919,1.504930066,24.99741747,8.121086644,6.768756095,7.224105215,89.70819194
59,9:40:00,581,38.45206061,13.51398591,41.42575143,134.5217791,4.507859487,27.48713526,12.38782042,10.33309598,158.845291,1.517993695,25.21440895,8.191582188,6.827512658,7.286814461,90.48690888
60,9:50:00,592,39.18006864,13.76984451,42.21005998,137.068663,4.593206224,28.00754574,12.62235747,10.52873119,161.8526889,1.546733679,25.69179018,8.346672384,6.956777097,7.424774804,92.20008616
61,10:00:00,602,39.84189413,14.00244323,42.92306775,139.384012,4.670794167,28.48064618,12.83557296,10.70658138,164.5866871,1.572860937,26.12577312,8.487663472,7.074290224,7.550193297,93.75752005
62,10:10:00,614,40.63608471,14.2815617,43.77867707,142.1624309,4.763899699,29.0483667,13.09143156,10.92000161,167.8674848,1.604213647,26.64655266,8.656852777,7.215305976,7.700695489,95.62644071
63,10:20:00,620,41.03318,14.42112094,44.20648174,143.5516403,4.810452465,29.33222696,13.21936086,11.02671172,169.5078837,1.619890002,26.90694242,8.741447429,7.285813852,7.775946585,96.56090105
64,10:30:00,624,41.29791019,14.51416043,44.49168484,144.4777799,4.841487642,29.52146713,13.30464706,11.0978518,170.6014829,1.630340905,27.0805356,8.797843864,7.332819103,7.826113983,97.1838746
65,10:40:00,633,41.89355313,14.72349928,45.13339184,146.5615941,4.911316791,29.94725753,13.49654101,11.25791697,173.0620812,1.653855437,27.47112025,8.924735843,7.438580917,7.938990627,98.5855651
66,10:50:00,637,42.15828332,14.81653877,45.41859495,147.4877337,4.942351968,30.1364977,13.58182721,11.32905704,174.1556805,1.66430634,27.64471342,8.981132278,7.485586167,7.989158024,99.20853866
67,11:00:00,641,42.42301351,14.90957826,45.70379805,148.4138733,4.973387145,30.32573787,13.6671134,11.40019712,175.2492797,1.674757244,27.8183066,9.037528713,7.532591418,8.039325421,99.83151221
68,11:10:00,643,42.55537861,14.956098,45.84639961,148.8769431,4.988904734,30.42035796,13.7097565,11.43576716,175.7960794,1.679982695,27.90510319,9.065726931,7.556094043,8.06440912,100.142999
69,11:20:00,643,42.55537861,14.956098,45.84639961,148.8769431,4.988904734,30.42035796,13.7097565,11.43576716,175.7960794,1.679982695,27.90510319,9.065726931,7.556094043,8.06440912,100.142999
70,11:30:00,644,42.62156116,14.97935788,45.91770038,149.108478,4.996663528,30.467668,13.73107805,11.45355218,176.0694792,1.682595421,27.94850148,9.07982604,7.567845356,8.076950969,100.2987424
71,11:40:00,652,43.15102155,15.16543686,46.4881066,150.9607572,5.058733882,30.84614835,13.90165045,11.59583233,178.2566777,1.703497228,28.29568784,9.19261891,7.661855857,8.177285764,101.5446895
72,11:50:00,651,43.084839,15.14217698,46.41680582,150.7292223,5.050975088,30.79883831,13.8803289,11.57804731,177.9832779,1.700884502,28.25228954,9.178519801,7.650104545,8.164743915,101.3889461
73,12:00:00,656,43.41575174,15.25847635,46.77330971,151.8868968,5.089769059,31.03538853,13.98693665,11.6669724,179.3502769,1.713948131,28.46928101,9.249015345,7.708861108,8.227453161,102.167663
74,12:10:00,657,43.48193429,15.28173622,46.84461049,152.1184317,5.097527854,31.08269857,14.0082582,11.68475742,179.6236767,1.716560857,28.51267931,9.263114453,7.720612421,8.239995011,102.3234064
75,12:20:00,660,43.68048193,15.35151584,47.05851282,152.8130365,5.120804237,31.2246287,14.07222285,11.73811248,180.4438762,1.724399034,28.64287419,9.30541178,7.755866359,8.277620558,102.7906366
76,12:30:00,665,44.01139467,15.4678152,47.4150167,153.970711,5.159598208,31.46117892,14.1788306,11.82703757,181.8108752,1.737462663,28.85986566,9.375907323,7.814622922,8.340329805,103.5693535
77,12:40:00,666,44.07757722,15.49107507,47.48631748,154.2022459,5.167357002,31.50848896,14.20015215,11.84482259,182.084275,1.740075389,28.90326396,9.390006432,7.826374235,8.352871654,103.7250969
78,12:50:00,666,44.07757722,15.49107507,47.48631748,154.2022459,5.167357002,31.50848896,14.20015215,11.84482259,182.084275,1.740075389,28.90326396,9.390006432,7.826374235,8.352871654,103.7250969
79,13:00:00,666,44.07757722,15.49107507,47.48631748,154.2022459,5.167357002,31.50848896,14.20015215,11.84482259,182.084275,1.740075389,28.90326396,9.390006432,7.826374235,8.352871654,103.7250969
80,13:10:00,667,44.14375977,15.51433494,47.55761826,154.4337808,5.175115797,31.555799,14.2214737,11.86260761,182.3576749,1.742688115,28.94666225,9.404105541,7.838125547,8.365413504,103.8808403
81,13:20:00,672,44.47467251,15.63063431,47.91412214,155.5914553,5.213909768,31.79234922,14.32808145,11.9515327,183.7246739,1.755751744,29.16365372,9.474601085,7.896882111,8.42812275,104.6595573
82,13:30:00,668,44.20994232,15.53759482,47.62891903,154.6653157,5.182874591,31.60310905,14.24279525,11.88039263,182.6310747,1.745300841,28.99006054,9.41820465,7.84987686,8.377955353,104.0365837
83,13:40:00,666,44.07757722,15.49107507,47.48631748,154.2022459,5.167357002,31.50848896,14.20015215,11.84482259,182.084275,1.740075389,28.90326396,9.390006432,7.826374235,8.352871654,103.7250969
84,13:50:00,669,44.27612487,15.56085469,47.70021981,154.8968506,5.190633385,31.65041909,14.2641168,11.89817765,182.9044745,1.747913566,29.03345884,9.432303758,7.861628173,8.390497202,104.1923271
85,14:00:00,667,44.14375977,15.51433494,47.55761826,154.4337808,5.175115797,31.555799,14.2214737,11.86260761,182.3576749,1.742688115,28.94666225,9.404105541,7.838125547,8.365413504,103.8808403
86,14:10:00,660,43.68048193,15.35151584,47.05851282,152.8130365,5.120804237,31.2246287,14.07222285,11.73811248,180.4438762,1.724399034,28.64287419,9.30541178,7.755866359,8.277620558,102.7906366
87,14:20:00,654,43.28338664,15.2119566,46.63070815,151.423827,5.074251471,30.94076844,13.94429355,11.63140236,178.8034773,1.708722679,28.38248442,9.220817127,7.685358483,8.202369463,101.8561763
88,14:30:00,653,43.21720409,15.18869673,46.55940738,151.1922921,5.066492677,30.89345839,13.922972,11.61361735,178.5300775,1.706109953,28.33908613,9.206718018,7.67360717,8.189827613,101.7004329
89,14:40:00,646,42.75392626,15.02587762,46.06030194,149.5715478,5.012181117,30.56228809,13.77372115,11.48912221,176.6162788,1.687820873,28.03529807,9.108024257,7.591347981,8.102034668,100.6102292
90,14:50:00,640,42.35683096,14.88631839,45.63249728,148.1823384,4.965628351,30.27842783,13.64579185,11.3824121,174.9758799,1.672144518,27.77490831,9.023429605,7.520840105,8.026783572,99.67576882
91,15:00:00,639,42.29064842,14.86305851,45.5611965,147.9508035,4.957869556,30.23111779,13.6244703,11.36462708,174.7024801,1.669531792,27.73151001,9.009330496,7.509088793,8.014241723,99.52002543
92,15:10:00,633,41.89355313,14.72349928,45.13339184,146.5615941,4.911316791,29.94725753,13.49654101,11.25791697,173.0620812,1.653855437,27.47112025,8.924735843,7.438580917,7.938990627,98.5855651
93,15:20:00,630,41.69500548,14.65371966,44.91948951,145.8669893,4.888040408,29.80532739,13.43257636,11.20456191,172.2418818,1.64601726,27.34092536,8.882438517,7.403326979,7.901365079,98.11833493
94,15:30:00,628,41.56264038,14.60719992,44.77688795,145.4039195,4.872522819,29.71070731,13.38993326,11.16899187,171.6950822,1.640791808,27.25412877,8.854240299,7.379824353,7.87628138,97.80684816
95,15:40:00,621,41.09936255,14.44438081,44.27778251,143.7831752,4.818211259,29.379537,13.24068241,11.04449674,169.7812835,1.622502727,26.95034071,8.755546538,7.297565165,7.788488435,96.71664444
96,15:50:00,618,40.9008149,14.37460119,44.06388018,143.0885705,4.794934876,29.23760687,13.17671776,10.99114168,168.9610841,1.61466455,26.82014583,8.713249212,7.262311227,7.750862887,96.24941427
97,16:00:00,616,40.7684498,14.32808145,43.92127863,142.6255007,4.779417288,29.14298679,13.13407466,10.95557165,168.4142844,1.609439098,26.73334924,8.685050994,7.238808601,7.725779188,95.93792749
98,16:10:00,616,40.7684498,14.32808145,43.92127863,142.6255007,4.779417288,29.14298679,13.13407466,10.95557165,168.4142844,1.609439098,26.73334924,8.685050994,7.238808601,7.725779188,95.93792749
99,16:20:00,614,40.63608471,14.2815617,43.77867707,142.1624309,4.763899699,29.0483667,13.09143156,10.92000161,167.8674848,1.604213647,26.64655266,8.656852777,7.215305976,7.700695489,95.62644071
100,16:30:00,612,40.50371961,14.23504196,43.63607552,141.6993611,4.74838211,28.95374661,13.04878846,10.88443157,167.3206852,1.598988195,26.55975607,8.628654559,7.191803351,7.675611791,95.31495394
101,16:40:00,616,40.7684498,14.32808145,43.92127863,142.6255007,4.779417288,29.14298679,13.13407466,10.95557165,168.4142844,1.609439098,26.73334924,8.685050994,7.238808601,7.725779188,95.93792749
102,16:50:00,613,40.56990216,14.25830183,43.7073763,141.930896,4.756140905,29.00105666,13.07011001,10.90221659,167.594085,1.601600921,26.60315436,8.642753668,7.203554663,7.68815364,95.47069733
103,17:00:00,612,40.50371961,14.23504196,43.63607552,141.6993611,4.74838211,28.95374661,13.04878846,10.88443157,167.3206852,1.598988195,26.55975607,8.628654559,7.191803351,7.675611791,95.31495394
104,17:10:00,615,40.70226726,14.30482157,43.84997785,142.3939658,4.771658493,29.09567674,13.11275311,10.93778663,168.1408846,1.606826373,26.68995095,8.670951886,7.227057289,7.713237339,95.7821841
105,17:20:00,617,40.83463235,14.35134132,43.99257941,142.8570356,4.787176082,29.19029683,13.15539621,10.97335666,168.6876842,1.612051824,26.77674754,8.699150103,7.250559914,7.738321037,96.09367088
106,17:30:00,616,40.7684498,14.32808145,43.92127863,142.6255007,4.779417288,29.14298679,13.13407466,10.95557165,168.4142844,1.609439098,26.73334924,8.685050994,7.238808601,7.725779188,95.93792749
107,17:40:00,616,40.7684498,14.32808145,43.92127863,142.6255007,4.779417288,29.14298679,13.13407466,10.95557165,168.4142844,1.609439098,26.73334924,8.685050994,7.238808601,7.725779188,95.93792749
108,17:50:00,615,40.70226726,14.30482157,43.84997785,142.3939658,4.771658493,29.09567674,13.11275311,10.93778663,168.1408846,1.606826373,26.68995095,8.670951886,7.227057289,7.713237339,95.7821841
109,18:00:00,618,40.9008149,14.37460119,44.06388018,143.0885705,4.794934876,29.23760687,13.17671776,10.99114168,168.9610841,1.61466455,26.82014583,8.713249212,7.262311227,7.750862887,96.24941427
110,18:10:00,616,40.7684498,14.32808145,43.92127863,142.6255007,4.779417288,29.14298679,13.13407466,10.95557165,168.4142844,1.609439098,26.73334924,8.685050994,7.238808601,7.725779188,95.93792749
111,18:20:00,617,40.83463235,14.35134132,43.99257941,142.8570356,4.787176082,29.19029683,13.15539621,10.97335666,168.6876842,1.612051824,26.77674754,8.699150103,7.250559914,7.738321037,96.09367088
112,18:30:00,619,40.96699745,14.39786106,44.13518096,143.3201054,4.80269367,29.28491692,13.19803931,11.0089267,169.2344839,1.617277276,26.86354413,8.727348321,7.274062539,7.763404736,96.40515766
113,18:40:00,618,40.9008149,14.37460119,44.06388018,143.0885705,4.794934876,29.23760687,13.17671776,10.99114168,168.9610841,1.61466455,26.82014583,8.713249212,7.262311227,7.750862887,96.24941427
114,18:50:00,616,40.7684498,14.32808145,43.92127863,142.6255007,4.779417288,29.14298679,13.13407466,10.95557165,168.4142844,1.609439098,26.73334924,8.685050994,7.238808601,7.725779188,95.93792749
115,19:00:00,619,40.96699745,14.39786106,44.13518096,143.3201054,4.80269367,29.28491692,13.19803931,11.0089267,169.2344839,1.617277276,26.86354413,8.727348321,7.274062539,7.763404736,96.40515766
116,19:10:00,621,41.09936255,14.44438081,44.27778251,143.7831752,4.818211259,29.379537,13.24068241,11.04449674,169.7812835,1.622502727,26.95034071,8.755546538,7.297565165,7.788488435,96.71664444
117,19:20:00,624,41.29791019,14.51416043,44.49168484,144.4777799,4.841487642,29.52146713,13.30464706,11.0978518,170.6014829,1.630340905,27.0805356,8.797843864,7.332819103,7.826113983,97.1838746
118,19:30:00,624,41.29791019,14.51416043,44.49168484,144.4777799,4.841487642,29.52146713,13.30464706,11.0978518,170.6014829,1.630340905,27.0805356,8.797843864,7.332819103,7.826113983,97.1838746
119,19:40:00,624,41.29791019,14.51416043,44.49168484,144.4777799,4.841487642,29.52146713,13.30464706,11.0978518,170.6014829,1.630340905,27.0805356,8.797843864,7.332819103,7.826113983,97.1838746
120,19:50:00,625,41.36409274,14.5374203,44.56298562,144.7093148,4.849246436,29.56877718,13.32596861,11.11563682,170.8748827,1.632953631,27.12393389,8.811942973,7.344570415,7.838655832,97.33961799
121,20:00:00,627,41.49645784,14.58394004,44.70558718,145.1723846,4.864764025,29.66339726,13.36861171,11.15120685,171.4216824,1.638179082,27.21073048,8.840141191,7.368073041,7.863739531,97.65110477
122,20:10:00,627,41.49645784,14.58394004,44.70558718,145.1723846,4.864764025,29.66339726,13.36861171,11.15120685,171.4216824,1.638179082,27.21073048,8.840141191,7.368073041,7.863739531,97.65110477
123,20:20:00,627,41.49645784,14.58394004,44.70558718,145.1723846,4.864764025,29.66339726,13.36861171,11.15120685,171.4216824,1.638179082,27.21073048,8.840141191,7.368073041,7.863739531,97.65110477
124,20:30:00,628,41.56264038,14.60719992,44.77688795,145.4039195,4.872522819,29.71070731,13.38993326,11.16899187,171.6950822,1.640791808,27.25412877,8.854240299,7.379824353,7.87628138,97.80684816
125,20:40:00,628,41.56264038,14.60719992,44.77688795,145.4039195,4.872522819,29.71070731,13.38993326,11.16899187,171.6950822,1.640791808,27.25412877,8.854240299,7.379824353,7.87628138,97.80684816
126,20:50:00,630,41.69500548,14.65371966,44.91948951,145.8669893,4.888040408,29.80532739,13.43257636,11.20456191,172.2418818,1.64601726,27.34092536,8.882438517,7.403326979,7.901365079,98.11833493
127,21:00:00,632,41.82737058,14.70023941,45.06209106,146.3300592,4.903557996,29.89994748,13.47521946,11.24013195,172.7886814,1.651242711,27.42772195,8.910636734,7.426829604,7.926448777,98.42982171
128,21:10:00,631,41.76118803,14.67697953,44.99079028,146.0985243,4.895799202,29.85263744,13.45389791,11.22234693,172.5152816,1.648629986,27.38432366,8.896537626,7.415078291,7.913906928,98.27407832
129,21:20:00,634,41.95973567,14.74675915,45.20469261,146.793129,4.919075585,29.99456757,13.51786256,11.27570199,173.3354811,1.656468163,27.51451854,8.938834952,7.450332229,7.951532476,98.74130849
130,21:30:00,644,42.62156116,14.97935788,45.91770038,149.108478,4.996663528,30.467668,13.73107805,11.45355218,176.0694792,1.682595421,27.94850148,9.07982604,7.567845356,8.076950969,100.2987424
131,21:40:00,652,43.15102155,15.16543686,46.4881066,150.9607572,5.058733882,30.84614835,13.90165045,11.59583233,178.2566777,1.703497228,28.29568784,9.19261891,7.661855857,8.177285764,101.5446895
132,21:50:00,648,42.88629135,15.07239737,46.20290349,150.0346176,5.027698705,30.65690818,13.81636425,11.52469225,177.1630784,1.693046324,28.12209466,9.136222475,7.614850607,8.127118367,100.9217159
133,22:00:00,645,42.68774371,15.00261775,45.98900116,149.3400129,5.004422322,30.51497805,13.7523996,11.47133719,176.342879,1.685208147,27.99189978,9.093925148,7.579596669,8.089492819,100.4544858
134,22:10:00,634,41.95973567,14.74675915,45.20469261,146.793129,4.919075585,29.99456757,13.51786256,11.27570199,173.3354811,1.656468163,27.51451854,8.938834952,7.450332229,7.951532476,98.74130849
135,22:20:00,624,41.29791019,14.51416043,44.49168484,144.4777799,4.841487642,29.52146713,13.30464706,11.0978518,170.6014829,1.630340905,27.0805356,8.797843864,7.332819103,7.826113983,97.1838746
136,22:30:00,618,40.9008149,14.37460119,44.06388018,143.0885705,4.794934876,29.23760687,13.17671776,10.99114168,168.9610841,1.61466455,26.82014583,8.713249212,7.262311227,7.750862887,96.24941427
137,22:40:00,608,40.23898942,14.14200247,43.35087241,140.7732215,4.717346933,28.76450644,12.96350226,10.81329149,166.2270859,1.588537292,26.38616289,8.572258124,7.1447981,7.625444393,94.69198038
138,22:50:00,598,39.57716393,13.90940374,42.63786464,138.4578724,4.63975899,28.291406,12.75028676,10.63544131,163.4930878,1.562410034,25.95217995,8.431267037,7.027284973,7.5000259,93.13454649
139,23:00:00,592,39.18006864,13.76984451,42.21005998,137.068663,4.593206224,28.00754574,12.62235747,10.52873119,161.8526889,1.546733679,25.69179018,8.346672384,6.956777097,7.424774804,92.20008616
140,23:10:00,578,38.25351297,13.44420629,41.2118491,133.8271744,4.484583104,27.34520513,12.32385577,10.27974093,158.0250916,1.510155518,25.08421406,8.149284862,6.79225872,7.249188913,90.01967872
141,23:20:00,571,37.79023513,13.28138719,40.71274366,132.20643,4.430271544,27.01403483,12.17460492,10.1552458,156.1112929,1.491866437,24.780426,8.0505911,6.709999531,7.161395968,88.929475
142,23:30:00,559,36.99604455,13.00226872,39.85713434,129.4280112,4.337166013,26.44631431,11.91874632,9.941825568,152.8304951,1.460513727,24.25964647,7.881401795,6.568983779,7.010893776,87.06055433
143,23:40:00,553,36.59894926,12.86270948,39.42932968,128.0388018,4.290613247,26.16245405,11.79081702,9.835115455,151.1900962,1.444837372,23.99925671,7.796807143,6.498475903,6.93564268,86.126094
144,23:50:00,543,35.93712377,12.63011076,38.71632191,125.7234527,4.213025304,25.68935361,11.57760153,9.657265266,148.4560981,1.418710114,23.56527377,7.655816055,6.380962777,6.810224187,84.56866011